analysis_confidence,credibility_score,evidence_caption_tokens,evidence_level,evidence_quality_score,evidence_total_tokens,evidence_transcript_tokens,generation_origin_level,generation_origin_score,manipulation_score,misinformation_score,notes,platform,scam_score,top_claim_confidence,top_claim_status,uncertainty_score,url
15.83,55.3,33,low,86.92,33,0,low,1.08,0.0,19.36,Auto-ingested YouTube metadata from channel: Mr DegrEE. | Could not fetch YouTube transcript (disabled/unavailable). | Skipped heavy ASR/OCR/browser ingestion on API node to keep memory usage stable. | Added thumbnail metadata signals (open-source fallback). | Applied sparse-text score calibration to reduce flat scoring under limited extracted evidence. | Generation origin score calibrated by trained logistic model. | Claim verification used open-source evidence heuristics. | Sparse extracted text; not_enough_evidence may remain appropriate.,youtube_shorts,10.0,0.28,not_enough_evidence,64.45,https://www.youtube.com/shorts/yvr4U1sF1P0
70.7,78.05,216,high,35.77,216,0,low,1.59,0.0,6.5,Auto-ingested YouTube metadata from channel: Hungry Rover. | Could not fetch YouTube transcript (disabled/unavailable). | Skipped heavy ASR/OCR/browser ingestion on API node to keep memory usage stable. | Added thumbnail metadata signals (open-source fallback). | Generation origin score calibrated by trained logistic model. | Claim verification used open-source evidence heuristics. | Rich text context detected (transcript/OCR); thresholds tuned to reduce unnecessary not_enough_evidence. | Analysis-confidence score: 70.7.,youtube_shorts,10.0,0.55,supported,18.8,https://www.youtube.com/shorts/AlmK64-o8d4
50.08,69.25,86,medium,55.77,86,0,low,1.54,0.0,6.5,Auto-ingested YouTube metadata from channel: MisterMeow. | Could not fetch YouTube transcript (disabled/unavailable). | Skipped heavy ASR/OCR/browser ingestion on API node to keep memory usage stable. | Added thumbnail metadata signals (open-source fallback). | Generation origin score calibrated by trained logistic model. | Claim verification used open-source evidence heuristics. | Rich text context detected (transcript/OCR); thresholds tuned to reduce unnecessary not_enough_evidence. | Analysis-confidence score: 50.08.,youtube_shorts,10.0,0.55,supported,18.8,https://www.youtube.com/shorts/zvdE9auP_mU
68.99,76.82,169,high,43.0,169,0,low,1.58,0.0,6.5,Auto-ingested YouTube metadata from channel: Fox Business. | Could not fetch YouTube transcript (disabled/unavailable). | Skipped heavy ASR/OCR/browser ingestion on API node to keep memory usage stable. | Added thumbnail metadata signals (open-source fallback). | Generation origin score calibrated by trained logistic model. | Claim verification used open-source evidence heuristics. | Rich text context detected (transcript/OCR); thresholds tuned to reduce unnecessary not_enough_evidence. | Analysis-confidence score: 68.99.,youtube_shorts,10.0,0.55,supported,18.8,https://www.youtube.com/shorts/khNmtBfsRZU
5.49,53.04,16,low,93.54,16,0,low,1.07,0.0,20.72,Auto-ingested YouTube metadata from channel: Kyle Istook. | Could not fetch YouTube transcript (disabled/unavailable). | Skipped heavy ASR/OCR/browser ingestion on API node to keep memory usage stable. | Added thumbnail metadata signals (open-source fallback). | Applied sparse-text score calibration to reduce flat scoring under limited extracted evidence. | Generation origin score calibrated by trained logistic model. | Claim verification used open-source evidence heuristics. | Sparse extracted text; not_enough_evidence may remain appropriate.,youtube_shorts,10.0,0.28,not_enough_evidence,70.4,https://www.youtube.com/shorts/I5eLBRSbHzQ
14.59,54.94,25,low,88.15,25,0,low,1.08,0.0,20.0,Auto-ingested YouTube metadata from channel: magice 23. | Could not fetch YouTube transcript (disabled/unavailable). | Skipped heavy ASR/OCR/browser ingestion on API node to keep memory usage stable. | Added thumbnail metadata signals (open-source fallback). | Applied sparse-text score calibration to reduce flat scoring under limited extracted evidence. | Generation origin score calibrated by trained logistic model. | Claim verification used open-source evidence heuristics. | Sparse extracted text; not_enough_evidence may remain appropriate.,youtube_shorts,10.0,0.28,not_enough_evidence,67.25,https://www.youtube.com/shorts/hSQXC8h5k0s
13.97,54.77,21,low,88.77,21,0,low,1.08,0.0,20.32,Auto-ingested YouTube metadata from channel: Pawsome Pets. | Could not fetch YouTube transcript (disabled/unavailable). | Skipped heavy ASR/OCR/browser ingestion on API node to keep memory usage stable. | Added thumbnail metadata signals (open-source fallback). | Applied sparse-text score calibration to reduce flat scoring under limited extracted evidence. | Generation origin score calibrated by trained logistic model. | Claim verification used open-source evidence heuristics. | Sparse extracted text; not_enough_evidence may remain appropriate.,youtube_shorts,10.0,0.28,not_enough_evidence,68.65,https://www.youtube.com/shorts/-OPh-6jRxjU
45.41,67.39,56,medium,60.38,56,0,low,1.53,0.0,6.5,Auto-ingested YouTube metadata from channel: Code Brew Labs. | Could not fetch YouTube transcript (disabled/unavailable). | Skipped heavy ASR/OCR/browser ingestion on API node to keep memory usage stable. | Added thumbnail metadata signals (open-source fallback). | Generation origin score calibrated by trained logistic model. | Claim verification used open-source evidence heuristics. | Rich text context detected (transcript/OCR); thresholds tuned to reduce unnecessary not_enough_evidence. | Analysis-confidence score: 45.41.,youtube_shorts,10.0,0.55,supported,18.8,https://www.youtube.com/shorts/Wx09p4SrkV0
13.81,54.72,20,low,88.92,20,0,low,1.08,0.0,20.4,Auto-ingested YouTube metadata from channel: Flip express. | Could not fetch YouTube transcript (disabled/unavailable). | Skipped heavy ASR/OCR/browser ingestion on API node to keep memory usage stable. | Added thumbnail metadata signals (open-source fallback). | Applied sparse-text score calibration to reduce flat scoring under limited extracted evidence. | Generation origin score calibrated by trained logistic model. | Claim verification used open-source evidence heuristics. | Sparse extracted text; not_enough_evidence may remain appropriate.,youtube_shorts,10.0,0.28,not_enough_evidence,69.0,https://www.youtube.com/shorts/dgQJ2ZXWJoI
13.81,54.72,20,low,88.92,20,0,low,1.08,0.0,20.4,Auto-ingested YouTube metadata from channel: Farjana Drawing Academy. | Could not fetch YouTube transcript (disabled/unavailable). | Skipped heavy ASR/OCR/browser ingestion on API node to keep memory usage stable. | Added thumbnail metadata signals (open-source fallback). | Applied sparse-text score calibration to reduce flat scoring under limited extracted evidence. | Generation origin score calibrated by trained logistic model. | Claim verification used open-source evidence heuristics. | Sparse extracted text; not_enough_evidence may remain appropriate.,youtube_shorts,10.0,0.28,not_enough_evidence,69.0,https://www.youtube.com/shorts/0akGEg6cZfY
69.77,77.16,174,high,42.23,174,0,low,1.59,0.0,6.5,Auto-ingested YouTube metadata from channel: Fox Business. | Could not fetch YouTube transcript (disabled/unavailable). | Skipped heavy ASR/OCR/browser ingestion on API node to keep memory usage stable. | Added thumbnail metadata signals (open-source fallback). | Generation origin score calibrated by trained logistic model. | Claim verification used open-source evidence heuristics. | Rich text context detected (transcript/OCR); thresholds tuned to reduce unnecessary not_enough_evidence. | Analysis-confidence score: 69.77.,youtube_shorts,10.0,0.55,supported,18.8,https://www.youtube.com/shorts/1uXL92AF5K8
13.97,54.77,21,low,88.77,21,0,low,1.08,0.0,20.32,Auto-ingested YouTube metadata from channel: ProfitForge. | Could not fetch YouTube transcript (disabled/unavailable). | Skipped heavy ASR/OCR/browser ingestion on API node to keep memory usage stable. | Added thumbnail metadata signals (open-source fallback). | Applied sparse-text score calibration to reduce flat scoring under limited extracted evidence. | Generation origin score calibrated by trained logistic model. | Claim verification used open-source evidence heuristics. | Sparse extracted text; not_enough_evidence may remain appropriate.,youtube_shorts,10.0,0.28,not_enough_evidence,68.65,https://www.youtube.com/shorts/7uXS7A1wDbI
70.7,78.62,270,high,29.0,270,0,low,1.59,0.0,6.5,Auto-ingested YouTube metadata from channel: CNBC Awaaz.. | Could not fetch YouTube transcript (disabled/unavailable). | Skipped heavy ASR/OCR/browser ingestion on API node to keep memory usage stable. | Added thumbnail metadata signals (open-source fallback). | Generation origin score calibrated by trained logistic model. | Claim verification used open-source evidence heuristics. | Rich text context detected (transcript/OCR); thresholds tuned to reduce unnecessary not_enough_evidence. | Analysis-confidence score: 70.7.,youtube_shorts,10.0,0.55,supported,18.8,https://www.youtube.com/shorts/0NNvgvQeFFE
50.7,69.5,90,medium,55.15,90,0,low,1.54,0.0,6.5,Auto-ingested YouTube metadata from channel: Scoreplus Finance. | Could not fetch YouTube transcript (disabled/unavailable). | Skipped heavy ASR/OCR/browser ingestion on API node to keep memory usage stable. | Added thumbnail metadata signals (open-source fallback). | Generation origin score calibrated by trained logistic model. | Claim verification used open-source evidence heuristics. | Rich text context detected (transcript/OCR); thresholds tuned to reduce unnecessary not_enough_evidence. | Analysis-confidence score: 50.7.,youtube_shorts,10.0,0.55,supported,18.8,https://www.youtube.com/shorts/mPFKpBz8SN8
47.74,68.31,71,medium,58.08,71,0,low,1.53,0.0,6.5,Auto-ingested YouTube metadata from channel: Valuetainment Comedy. | Could not fetch YouTube transcript (disabled/unavailable). | Skipped heavy ASR/OCR/browser ingestion on API node to keep memory usage stable. | Added thumbnail metadata signals (open-source fallback). | Generation origin score calibrated by trained logistic model. | Claim verification used open-source evidence heuristics. | Rich text context detected (transcript/OCR); thresholds tuned to reduce unnecessary not_enough_evidence. | Analysis-confidence score: 47.74.,youtube_shorts,10.0,0.55,supported,18.8,https://www.youtube.com/shorts/2tPLJ1gsLvU
70.7,78.61,259,high,29.15,259,0,low,1.59,0.0,6.5,Auto-ingested YouTube metadata from channel: Zee News. | Could not fetch YouTube transcript (disabled/unavailable). | Skipped heavy ASR/OCR/browser ingestion on API node to keep memory usage stable. | Added thumbnail metadata signals (open-source fallback). | Generation origin score calibrated by trained logistic model. | Claim verification used open-source evidence heuristics. | Rich text context detected (transcript/OCR); thresholds tuned to reduce unnecessary not_enough_evidence. | Analysis-confidence score: 70.7.,youtube_shorts,10.0,0.55,supported,18.8,https://www.youtube.com/shorts/RdxoWcj2OXI
5.8,53.11,18,low,93.23,18,0,low,1.07,0.0,20.56,Auto-ingested YouTube metadata from channel: Jay Shetty. | Could not fetch YouTube transcript (disabled/unavailable). | Skipped heavy ASR/OCR/browser ingestion on API node to keep memory usage stable. | Added thumbnail metadata signals (open-source fallback). | Applied sparse-text score calibration to reduce flat scoring under limited extracted evidence. | Generation origin score calibrated by trained logistic model. | Claim verification used open-source evidence heuristics. | Sparse extracted text; not_enough_evidence may remain appropriate.,youtube_shorts,10.0,0.28,not_enough_evidence,69.7,https://www.youtube.com/shorts/_XCZX_NaDtU
36.77,64.35,39,low,63.0,39,0,low,1.51,0.0,6.5,Auto-ingested YouTube metadata from channel: ShannyPOP. | Could not fetch YouTube transcript (disabled/unavailable). | Skipped heavy ASR/OCR/browser ingestion on API node to keep memory usage stable. | Added thumbnail metadata signals (open-source fallback). | Generation origin score calibrated by trained logistic model. | Claim verification used open-source evidence heuristics. | Rich text context detected (transcript/OCR); thresholds tuned to reduce unnecessary not_enough_evidence. | Analysis-confidence score: 36.77.,youtube_shorts,10.0,0.55,supported,18.8,https://www.youtube.com/shorts/1z9ksiXNeFA
15.06,55.07,28,low,87.69,28,0,low,1.08,0.0,19.76,Auto-ingested YouTube metadata from channel: Mike the Credit Guy. | Could not fetch YouTube transcript (disabled/unavailable). | Skipped heavy ASR/OCR/browser ingestion on API node to keep memory usage stable. | Added thumbnail metadata signals (open-source fallback). | Applied sparse-text score calibration to reduce flat scoring under limited extracted evidence. | Generation origin score calibrated by trained logistic model. | Claim verification used open-source evidence heuristics. | Sparse extracted text; not_enough_evidence may remain appropriate.,youtube_shorts,10.0,0.28,not_enough_evidence,66.2,https://www.youtube.com/shorts/pK90OdintQE
50.7,69.5,90,medium,55.15,90,0,low,1.54,0.0,6.5,Auto-ingested YouTube metadata from channel: Useless Facts. | Could not fetch YouTube transcript (disabled/unavailable). | Skipped heavy ASR/OCR/browser ingestion on API node to keep memory usage stable. | Added thumbnail metadata signals (open-source fallback). | Generation origin score calibrated by trained logistic model. | Claim verification used open-source evidence heuristics. | Rich text context detected (transcript/OCR); thresholds tuned to reduce unnecessary not_enough_evidence. | Analysis-confidence score: 50.7.,youtube_shorts,10.0,0.55,supported,18.8,https://www.youtube.com/shorts/wUs9xoRRG-w
70.7,78.48,249,high,30.69,249,0,low,1.59,0.0,6.5,Auto-ingested YouTube metadata from channel: Deeper Lines. | Could not fetch YouTube transcript (disabled/unavailable). | Skipped heavy ASR/OCR/browser ingestion on API node to keep memory usage stable. | Added thumbnail metadata signals (open-source fallback). | Generation origin score calibrated by trained logistic model. | Claim verification used open-source evidence heuristics. | Rich text context detected (transcript/OCR); thresholds tuned to reduce unnecessary not_enough_evidence. | Analysis-confidence score: 70.7.,youtube_shorts,10.0,0.55,supported,18.8,https://www.youtube.com/shorts/ngLglRVaa4w
58.23,71.31,42,medium,45.54,42,0,high,72.7,22.0,4.2,Auto-ingested YouTube metadata from channel: Coffee & Pages. | Could not fetch YouTube transcript (disabled/unavailable). | Skipped heavy ASR/OCR/browser ingestion on API node to keep memory usage stable. | Added thumbnail metadata signals (open-source fallback). | Generation origin score calibrated by trained logistic model. | Claim verification used open-source evidence heuristics. | Rich text context detected (transcript/OCR); thresholds tuned to reduce unnecessary not_enough_evidence. | Analysis-confidence score: 58.23.,youtube_shorts,10.0,0.78,supported,13.28,https://www.youtube.com/shorts/CEvJ_RuwMKo
70.7,78.62,286,high,29.0,286,0,low,1.59,0.0,6.5,Auto-ingested YouTube metadata from channel: CNBC Awaaz.. | Could not fetch YouTube transcript (disabled/unavailable). | Skipped heavy ASR/OCR/browser ingestion on API node to keep memory usage stable. | Added thumbnail metadata signals (open-source fallback). | Generation origin score calibrated by trained logistic model. | Claim verification used open-source evidence heuristics. | Rich text context detected (transcript/OCR); thresholds tuned to reduce unnecessary not_enough_evidence. | Analysis-confidence score: 70.7.,youtube_shorts,10.0,0.55,supported,18.8,https://www.youtube.com/shorts/DaFcVLmmL_Q
28.97,57.18,21,low,71.77,21,0,medium,48.23,22.0,20.32,Auto-ingested YouTube metadata from channel: ShenanigansAI. | Could not fetch YouTube transcript (disabled/unavailable). | Skipped heavy ASR/OCR/browser ingestion on API node to keep memory usage stable. | Added thumbnail metadata signals (open-source fallback). | Applied sparse-text score calibration to reduce flat scoring under limited extracted evidence. | Generation origin score calibrated by trained logistic model. | Claim verification used open-source evidence heuristics. | Sparse extracted text; not_enough_evidence may remain appropriate.,youtube_shorts,10.0,0.62,not_enough_evidence,68.65,https://www.youtube.com/shorts/S47YZ2C7nv4
14.59,54.94,25,low,88.15,25,0,low,1.08,0.0,20.0,Auto-ingested YouTube metadata from channel: TravelSunlit. | Could not fetch YouTube transcript (disabled/unavailable). | Skipped heavy ASR/OCR/browser ingestion on API node to keep memory usage stable. | Added thumbnail metadata signals (open-source fallback). | Applied sparse-text score calibration to reduce flat scoring under limited extracted evidence. | Generation origin score calibrated by trained logistic model. | Claim verification used open-source evidence heuristics. | Sparse extracted text; not_enough_evidence may remain appropriate.,youtube_shorts,10.0,0.28,not_enough_evidence,67.25,https://www.youtube.com/shorts/L43i0jfc4R4
5.96,53.14,19,low,93.08,19,0,low,1.07,0.0,20.48,Auto-ingested YouTube metadata from channel: Jeffrey X. | Could not fetch YouTube transcript (disabled/unavailable). | Skipped heavy ASR/OCR/browser ingestion on API node to keep memory usage stable. | Added thumbnail metadata signals (open-source fallback). | Applied sparse-text score calibration to reduce flat scoring under limited extracted evidence. | Generation origin score calibrated by trained logistic model. | Claim verification used open-source evidence heuristics. | Sparse extracted text; not_enough_evidence may remain appropriate.,youtube_shorts,10.0,0.28,not_enough_evidence,69.35,https://www.youtube.com/shorts/iFhUUTWaNGs
14.43,54.9,24,low,88.31,24,0,low,1.08,0.0,20.08,Auto-ingested YouTube metadata from channel: Mech Masters Vlog. | Could not fetch YouTube transcript (disabled/unavailable). | Skipped heavy ASR/OCR/browser ingestion on API node to keep memory usage stable. | Added thumbnail metadata signals (open-source fallback). | Applied sparse-text score calibration to reduce flat scoring under limited extracted evidence. | Generation origin score calibrated by trained logistic model. | Claim verification used open-source evidence heuristics. | Sparse extracted text; not_enough_evidence may remain appropriate.,youtube_shorts,10.0,0.28,not_enough_evidence,67.6,https://www.youtube.com/shorts/2nLyyYtymPQ
36.77,64.35,39,low,63.0,39,0,low,1.51,0.0,6.5,Auto-ingested YouTube metadata from channel: Shreemani Tripathi. | Could not fetch YouTube transcript (disabled/unavailable). | Skipped heavy ASR/OCR/browser ingestion on API node to keep memory usage stable. | Added thumbnail metadata signals (open-source fallback). | Generation origin score calibrated by trained logistic model. | Claim verification used open-source evidence heuristics. | Rich text context detected (transcript/OCR); thresholds tuned to reduce unnecessary not_enough_evidence. | Analysis-confidence score: 36.77.,youtube_shorts,10.0,0.55,supported,18.8,https://www.youtube.com/shorts/eiDuTCCVjd8
14.9,55.03,27,low,87.85,27,0,low,1.08,0.0,19.84,Auto-ingested YouTube metadata from channel: Montager. | Could not fetch YouTube transcript (disabled/unavailable). | Skipped heavy ASR/OCR/browser ingestion on API node to keep memory usage stable. | Added thumbnail metadata signals (open-source fallback). | Applied sparse-text score calibration to reduce flat scoring under limited extracted evidence. | Generation origin score calibrated by trained logistic model. | Claim verification used open-source evidence heuristics. | Sparse extracted text; not_enough_evidence may remain appropriate.,youtube_shorts,10.0,0.28,not_enough_evidence,66.55,https://www.youtube.com/shorts/vDa6tupZQU8
14.43,54.9,24,low,88.31,24,0,low,1.08,0.0,20.08,Auto-ingested YouTube metadata from channel: Funnys. | Could not fetch YouTube transcript (disabled/unavailable). | Skipped heavy ASR/OCR/browser ingestion on API node to keep memory usage stable. | Added thumbnail metadata signals (open-source fallback). | Applied sparse-text score calibration to reduce flat scoring under limited extracted evidence. | Generation origin score calibrated by trained logistic model. | Claim verification used open-source evidence heuristics. | Sparse extracted text; not_enough_evidence may remain appropriate.,youtube_shorts,10.0,0.28,not_enough_evidence,67.6,https://www.youtube.com/shorts/mO2vZRnyIfA
5.18,52.97,14,low,93.85,14,0,low,1.07,0.0,20.88,Auto-ingested YouTube metadata from channel: Present Moment Photographs. | Could not fetch YouTube transcript (disabled/unavailable). | Skipped heavy ASR/OCR/browser ingestion on API node to keep memory usage stable. | Added thumbnail metadata signals (open-source fallback). | Applied sparse-text score calibration to reduce flat scoring under limited extracted evidence. | Generation origin score calibrated by trained logistic model. | Claim verification used open-source evidence heuristics. | Sparse extracted text; not_enough_evidence may remain appropriate.,youtube_shorts,10.0,0.28,not_enough_evidence,71.1,https://www.youtube.com/shorts/7Xd2f3VgHmk
46.66,67.88,64,medium,59.15,64,0,low,1.53,0.0,6.5,Auto-ingested YouTube metadata from channel: HOTRank. | Could not fetch YouTube transcript (disabled/unavailable). | Skipped heavy ASR/OCR/browser ingestion on API node to keep memory usage stable. | Added thumbnail metadata signals (open-source fallback). | Generation origin score calibrated by trained logistic model. | Claim verification used open-source evidence heuristics. | Rich text context detected (transcript/OCR); thresholds tuned to reduce unnecessary not_enough_evidence. | Analysis-confidence score: 46.66.,youtube_shorts,10.0,0.55,supported,18.8,https://www.youtube.com/shorts/kyDQMMLHJsk
44.17,66.9,48,medium,61.62,48,0,low,1.53,0.0,6.5,Auto-ingested YouTube metadata from channel: Martin Perdomo - The Elite Strategist. | Could not fetch YouTube transcript (disabled/unavailable). | Skipped heavy ASR/OCR/browser ingestion on API node to keep memory usage stable. | Added thumbnail metadata signals (open-source fallback). | Generation origin score calibrated by trained logistic model. | Claim verification used open-source evidence heuristics. | Rich text context detected (transcript/OCR); thresholds tuned to reduce unnecessary not_enough_evidence. | Analysis-confidence score: 44.17.,youtube_shorts,10.0,0.55,supported,18.8,https://www.youtube.com/shorts/jj2DpJ2ihig
15.37,55.16,30,low,87.38,30,0,low,1.08,0.0,19.6,Auto-ingested YouTube metadata from channel: Seema & Radhika Maroo. | Could not fetch YouTube transcript (disabled/unavailable). | Skipped heavy ASR/OCR/browser ingestion on API node to keep memory usage stable. | Added thumbnail metadata signals (open-source fallback). | Applied sparse-text score calibration to reduce flat scoring under limited extracted evidence. | Generation origin score calibrated by trained logistic model. | Claim verification used open-source evidence heuristics. | Sparse extracted text; not_enough_evidence may remain appropriate.,youtube_shorts,10.0,0.28,not_enough_evidence,65.5,https://www.youtube.com/shorts/gWn5SxH9hao
15.99,55.35,34,low,86.77,34,0,low,1.08,0.0,19.28,"Auto-ingested YouTube metadata from channel: @RTL""MOTIVATIONALQUOTES"". | Could not fetch YouTube transcript (disabled/unavailable). | Skipped heavy ASR/OCR/browser ingestion on API node to keep memory usage stable. | Added thumbnail metadata signals (open-source fallback). | Applied sparse-text score calibration to reduce flat scoring under limited extracted evidence. | Generation origin score calibrated by trained logistic model. | Claim verification used open-source evidence heuristics. | Sparse extracted text; not_enough_evidence may remain appropriate.",youtube_shorts,10.0,0.28,not_enough_evidence,64.1,https://www.youtube.com/shorts/1EqT_dNLH-s
43.08,66.48,41,medium,62.69,41,0,low,1.52,0.0,6.5,Auto-ingested YouTube metadata from channel: BillionAire’s  Thoughts 😎. | Could not fetch YouTube transcript (disabled/unavailable). | Skipped heavy ASR/OCR/browser ingestion on API node to keep memory usage stable. | Added thumbnail metadata signals (open-source fallback). | Generation origin score calibrated by trained logistic model. | Claim verification used open-source evidence heuristics. | Rich text context detected (transcript/OCR); thresholds tuned to reduce unnecessary not_enough_evidence. | Analysis-confidence score: 43.08.,youtube_shorts,10.0,0.55,supported,18.8,https://www.youtube.com/shorts/Fwjg_iAuxr4
43.08,66.48,41,medium,62.69,41,0,low,1.52,0.0,6.5,Auto-ingested YouTube metadata from channel: iReviews. | Could not fetch YouTube transcript (disabled/unavailable). | Skipped heavy ASR/OCR/browser ingestion on API node to keep memory usage stable. | Added thumbnail metadata signals (open-source fallback). | Generation origin score calibrated by trained logistic model. | Claim verification used open-source evidence heuristics. | Rich text context detected (transcript/OCR); thresholds tuned to reduce unnecessary not_enough_evidence. | Analysis-confidence score: 43.08.,youtube_shorts,10.0,0.55,supported,18.8,https://www.youtube.com/shorts/PVf-_F9Ky3w
14.43,54.9,24,low,88.31,24,0,low,1.08,0.0,20.08,Auto-ingested YouTube metadata from channel: 247 Wall St. | Could not fetch YouTube transcript (disabled/unavailable). | Skipped heavy ASR/OCR/browser ingestion on API node to keep memory usage stable. | Added thumbnail metadata signals (open-source fallback). | Applied sparse-text score calibration to reduce flat scoring under limited extracted evidence. | Generation origin score calibrated by trained logistic model. | Claim verification used open-source evidence heuristics. | Sparse extracted text; not_enough_evidence may remain appropriate.,youtube_shorts,10.0,0.28,not_enough_evidence,67.6,https://www.youtube.com/shorts/FD4-bRZbuss
14.59,54.94,25,low,88.15,25,0,low,1.08,0.0,20.0,Auto-ingested YouTube metadata from channel: Devil 👿. | Could not fetch YouTube transcript (disabled/unavailable). | Skipped heavy ASR/OCR/browser ingestion on API node to keep memory usage stable. | Added thumbnail metadata signals (open-source fallback). | Applied sparse-text score calibration to reduce flat scoring under limited extracted evidence. | Generation origin score calibrated by trained logistic model. | Claim verification used open-source evidence heuristics. | Sparse extracted text; not_enough_evidence may remain appropriate.,youtube_shorts,10.0,0.28,not_enough_evidence,67.25,https://www.youtube.com/shorts/a196LFR0sqE
14.12,54.81,22,low,88.62,22,0,low,1.08,0.0,20.24,Auto-ingested YouTube metadata from channel: Sree Photographs. | Could not fetch YouTube transcript (disabled/unavailable). | Skipped heavy ASR/OCR/browser ingestion on API node to keep memory usage stable. | Added thumbnail metadata signals (open-source fallback). | Applied sparse-text score calibration to reduce flat scoring under limited extracted evidence. | Generation origin score calibrated by trained logistic model. | Claim verification used open-source evidence heuristics. | Sparse extracted text; not_enough_evidence may remain appropriate.,youtube_shorts,10.0,0.28,not_enough_evidence,68.3,https://www.youtube.com/shorts/1QyHnMSohDA
62.77,69.6,129,high,49.15,129,0,low,1.54,0.0,6.5,Auto-ingested YouTube metadata from channel: WildestRanks. | Could not fetch YouTube transcript (disabled/unavailable). | Skipped heavy ASR/OCR/browser ingestion on API node to keep memory usage stable. | Added thumbnail metadata signals (open-source fallback). | Generation origin score calibrated by trained logistic model. | Claim verification used open-source evidence heuristics. | Rich text context detected (transcript/OCR); thresholds tuned to reduce unnecessary not_enough_evidence. | Analysis-confidence score: 62.77.,youtube_shorts,40.0,0.55,supported,18.8,https://www.youtube.com/shorts/jUj7jHgq_U8
50.39,69.37,88,medium,55.46,88,0,low,1.54,0.0,6.5,Auto-ingested YouTube metadata from channel: NDTV Profit. | Could not fetch YouTube transcript (disabled/unavailable). | Skipped heavy ASR/OCR/browser ingestion on API node to keep memory usage stable. | Added thumbnail metadata signals (open-source fallback). | Generation origin score calibrated by trained logistic model. | Claim verification used open-source evidence heuristics. | Rich text context detected (transcript/OCR); thresholds tuned to reduce unnecessary not_enough_evidence. | Analysis-confidence score: 50.39.,youtube_shorts,10.0,0.55,supported,18.8,https://www.youtube.com/shorts/mNsoeuISN8M
70.7,78.2,228,high,33.92,228,0,low,1.59,0.0,6.5,Auto-ingested YouTube metadata from channel: Chitrakoot Ki Shehzadiii. | Could not fetch YouTube transcript (disabled/unavailable). | Skipped heavy ASR/OCR/browser ingestion on API node to keep memory usage stable. | Added thumbnail metadata signals (open-source fallback). | Generation origin score calibrated by trained logistic model. | Claim verification used open-source evidence heuristics. | Rich text context detected (transcript/OCR); thresholds tuned to reduce unnecessary not_enough_evidence. | Analysis-confidence score: 70.7.,youtube_shorts,10.0,0.55,supported,18.8,https://www.youtube.com/shorts/-ImEieonGik
44.79,67.15,52,medium,61.0,52,0,low,1.53,0.0,6.5,Auto-ingested YouTube metadata from channel: Alex Diver. | Could not fetch YouTube transcript (disabled/unavailable). | Skipped heavy ASR/OCR/browser ingestion on API node to keep memory usage stable. | Added thumbnail metadata signals (open-source fallback). | Generation origin score calibrated by trained logistic model. | Claim verification used open-source evidence heuristics. | Rich text context detected (transcript/OCR); thresholds tuned to reduce unnecessary not_enough_evidence. | Analysis-confidence score: 44.79.,youtube_shorts,10.0,0.55,supported,18.8,https://www.youtube.com/shorts/wbxoJV7oAhM
14.43,54.9,24,low,88.31,24,0,low,1.08,0.0,20.08,Auto-ingested YouTube metadata from channel: Foodhub. | Could not fetch YouTube transcript (disabled/unavailable). | Skipped heavy ASR/OCR/browser ingestion on API node to keep memory usage stable. | Added thumbnail metadata signals (open-source fallback). | Applied sparse-text score calibration to reduce flat scoring under limited extracted evidence. | Generation origin score calibrated by trained logistic model. | Claim verification used open-source evidence heuristics. | Sparse extracted text; not_enough_evidence may remain appropriate.,youtube_shorts,10.0,0.28,not_enough_evidence,67.6,https://www.youtube.com/shorts/7ULS7nn5ooU
15.99,55.35,34,low,86.77,34,0,low,1.08,0.0,19.28,Auto-ingested YouTube metadata from channel: IND OX. | Could not fetch YouTube transcript (disabled/unavailable). | Skipped heavy ASR/OCR/browser ingestion on API node to keep memory usage stable. | Added thumbnail metadata signals (open-source fallback). | Applied sparse-text score calibration to reduce flat scoring under limited extracted evidence. | Generation origin score calibrated by trained logistic model. | Claim verification used open-source evidence heuristics. | Sparse extracted text; not_enough_evidence may remain appropriate.,youtube_shorts,10.0,0.28,not_enough_evidence,64.1,https://www.youtube.com/shorts/L1wb1mmmJiA
52.88,70.39,104,medium,53.0,104,0,low,1.55,0.0,6.5,Auto-ingested YouTube metadata from channel: Josh Connects. | Could not fetch YouTube transcript (disabled/unavailable). | Skipped heavy ASR/OCR/browser ingestion on API node to keep memory usage stable. | Added thumbnail metadata signals (open-source fallback). | Generation origin score calibrated by trained logistic model. | Claim verification used open-source evidence heuristics. | Rich text context detected (transcript/OCR); thresholds tuned to reduce unnecessary not_enough_evidence. | Analysis-confidence score: 52.88.,youtube_shorts,10.0,0.55,supported,18.8,https://www.youtube.com/shorts/JIzKPi-Z1r8
70.7,77.79,196,high,38.85,196,0,low,1.59,0.0,6.5,Auto-ingested YouTube metadata from channel: Fox Business. | Could not fetch YouTube transcript (disabled/unavailable). | Skipped heavy ASR/OCR/browser ingestion on API node to keep memory usage stable. | Added thumbnail metadata signals (open-source fallback). | Generation origin score calibrated by trained logistic model. | Claim verification used open-source evidence heuristics. | Rich text context detected (transcript/OCR); thresholds tuned to reduce unnecessary not_enough_evidence. | Analysis-confidence score: 70.7.,youtube_shorts,10.0,0.55,supported,18.8,https://www.youtube.com/shorts/MMjgpsR_8o8
70.7,78.62,316,high,29.0,316,0,low,1.59,0.0,6.5,Auto-ingested YouTube metadata from channel: Fox News. | Could not fetch YouTube transcript (disabled/unavailable). | Skipped heavy ASR/OCR/browser ingestion on API node to keep memory usage stable. | Added thumbnail metadata signals (open-source fallback). | Generation origin score calibrated by trained logistic model. | Claim verification used open-source evidence heuristics. | Rich text context detected (transcript/OCR); thresholds tuned to reduce unnecessary not_enough_evidence. | Analysis-confidence score: 70.7.,youtube_shorts,10.0,0.55,supported,18.8,https://www.youtube.com/shorts/3EWyxA6Ms78
36.3,64.17,36,low,63.46,36,0,low,1.51,0.0,6.5,Auto-ingested YouTube metadata from channel: Jeffrey X. | Could not fetch YouTube transcript (disabled/unavailable). | Skipped heavy ASR/OCR/browser ingestion on API node to keep memory usage stable. | Added thumbnail metadata signals (open-source fallback). | Generation origin score calibrated by trained logistic model. | Claim verification used open-source evidence heuristics. | Rich text context detected (transcript/OCR); thresholds tuned to reduce unnecessary not_enough_evidence. | Analysis-confidence score: 36.3.,youtube_shorts,10.0,0.55,supported,18.8,https://www.youtube.com/shorts/Yhve4QGxzHw
5.96,53.14,19,low,93.08,19,0,low,1.07,0.0,20.48,Auto-ingested YouTube metadata from channel: Chris Colditz. | Could not fetch YouTube transcript (disabled/unavailable). | Skipped heavy ASR/OCR/browser ingestion on API node to keep memory usage stable. | Added thumbnail metadata signals (open-source fallback). | Applied sparse-text score calibration to reduce flat scoring under limited extracted evidence. | Generation origin score calibrated by trained logistic model. | Claim verification used open-source evidence heuristics. | Sparse extracted text; not_enough_evidence may remain appropriate.,youtube_shorts,10.0,0.28,not_enough_evidence,69.35,https://www.youtube.com/shorts/uWJ-XmhAUX8
15.52,55.21,31,low,87.23,31,0,low,1.08,0.0,19.52,Auto-ingested YouTube metadata from channel: HellthyJunkFood Shorts. | Could not fetch YouTube transcript (disabled/unavailable). | Skipped heavy ASR/OCR/browser ingestion on API node to keep memory usage stable. | Added thumbnail metadata signals (open-source fallback). | Applied sparse-text score calibration to reduce flat scoring under limited extracted evidence. | Generation origin score calibrated by trained logistic model. | Claim verification used open-source evidence heuristics. | Sparse extracted text; not_enough_evidence may remain appropriate.,youtube_shorts,10.0,0.28,not_enough_evidence,65.15,https://www.youtube.com/shorts/eisYbHYzBNw
14.28,54.85,23,low,88.46,23,0,low,1.08,0.0,20.16,Auto-ingested YouTube metadata from channel: I’m Kaleb. | Could not fetch YouTube transcript (disabled/unavailable). | Skipped heavy ASR/OCR/browser ingestion on API node to keep memory usage stable. | Added thumbnail metadata signals (open-source fallback). | Applied sparse-text score calibration to reduce flat scoring under limited extracted evidence. | Generation origin score calibrated by trained logistic model. | Claim verification used open-source evidence heuristics. | Sparse extracted text; not_enough_evidence may remain appropriate.,youtube_shorts,10.0,0.28,not_enough_evidence,67.95,https://www.youtube.com/shorts/ZI2KufKY58Q
52.57,70.26,102,medium,53.31,102,0,low,1.55,0.0,6.5,Auto-ingested YouTube metadata from channel: MOTIVATIONAL ANI. | Could not fetch YouTube transcript (disabled/unavailable). | Skipped heavy ASR/OCR/browser ingestion on API node to keep memory usage stable. | Added thumbnail metadata signals (open-source fallback). | Generation origin score calibrated by trained logistic model. | Claim verification used open-source evidence heuristics. | Rich text context detected (transcript/OCR); thresholds tuned to reduce unnecessary not_enough_evidence. | Analysis-confidence score: 52.57.,youtube_shorts,10.0,0.55,supported,18.8,https://www.youtube.com/shorts/MWa7FQtRtHQ
66.81,75.86,155,high,45.15,155,0,low,1.58,0.0,6.5,Auto-ingested YouTube metadata from channel: The Pet Collective. | Could not fetch YouTube transcript (disabled/unavailable). | Skipped heavy ASR/OCR/browser ingestion on API node to keep memory usage stable. | Added thumbnail metadata signals (open-source fallback). | Generation origin score calibrated by trained logistic model. | Claim verification used open-source evidence heuristics. | Rich text context detected (transcript/OCR); thresholds tuned to reduce unnecessary not_enough_evidence. | Analysis-confidence score: 66.81.,youtube_shorts,10.0,0.55,supported,18.8,https://www.youtube.com/shorts/fnO0EYi-skQ
13.81,54.72,20,low,88.92,20,0,low,1.08,0.0,20.4,Auto-ingested YouTube metadata from channel: Study Fighters Spot. | Could not fetch YouTube transcript (disabled/unavailable). | Skipped heavy ASR/OCR/browser ingestion on API node to keep memory usage stable. | Added thumbnail metadata signals (open-source fallback). | Applied sparse-text score calibration to reduce flat scoring under limited extracted evidence. | Generation origin score calibrated by trained logistic model. | Claim verification used open-source evidence heuristics. | Sparse extracted text; not_enough_evidence may remain appropriate.,youtube_shorts,10.0,0.28,not_enough_evidence,69.0,https://www.youtube.com/shorts/O3aijR1YAfE
5.64,53.07,17,low,93.38,17,0,low,1.07,0.0,20.64,Auto-ingested YouTube metadata from channel: AsmrBriJolie. | Could not fetch YouTube transcript (disabled/unavailable). | Skipped heavy ASR/OCR/browser ingestion on API node to keep memory usage stable. | Added thumbnail metadata signals (open-source fallback). | Applied sparse-text score calibration to reduce flat scoring under limited extracted evidence. | Generation origin score calibrated by trained logistic model. | Claim verification used open-source evidence heuristics. | Sparse extracted text; not_enough_evidence may remain appropriate.,youtube_shorts,10.0,0.28,not_enough_evidence,70.05,https://www.youtube.com/shorts/PUrqfnUl8vo
5.96,53.14,19,low,93.08,19,0,low,1.07,0.0,20.48,Auto-ingested YouTube metadata from channel: Jeffrey X. | Could not fetch YouTube transcript (disabled/unavailable). | Skipped heavy ASR/OCR/browser ingestion on API node to keep memory usage stable. | Added thumbnail metadata signals (open-source fallback). | Applied sparse-text score calibration to reduce flat scoring under limited extracted evidence. | Generation origin score calibrated by trained logistic model. | Claim verification used open-source evidence heuristics. | Sparse extracted text; not_enough_evidence may remain appropriate.,youtube_shorts,10.0,0.28,not_enough_evidence,69.35,https://www.youtube.com/shorts/MC7eZy0YAUw
70.7,78.19,227,high,34.08,227,0,low,1.59,0.0,6.5,Auto-ingested YouTube metadata from channel: VaGaRy. | Could not fetch YouTube transcript (disabled/unavailable). | Skipped heavy ASR/OCR/browser ingestion on API node to keep memory usage stable. | Added thumbnail metadata signals (open-source fallback). | Generation origin score calibrated by trained logistic model. | Claim verification used open-source evidence heuristics. | Rich text context detected (transcript/OCR); thresholds tuned to reduce unnecessary not_enough_evidence. | Analysis-confidence score: 70.7.,youtube_shorts,10.0,0.55,supported,18.8,https://www.youtube.com/shorts/jXExirGjf3E
3.16,52.63,1,low,95.85,1,0,low,1.41,0.0,18.0,Could not fetch YouTube metadata via yt-dlp. | Could not fetch YouTube metadata via oEmbed fallback. | Recovered metadata from YouTube watch-page scraping fallback. | Could not fetch YouTube transcript (disabled/unavailable). | Skipped heavy ASR/OCR/browser ingestion on API node to keep memory usage stable. | Using deterministic YouTube thumbnail URL fallback for visual metadata checks. | Generation origin score calibrated by trained logistic model. | Sparse extracted text; not_enough_evidence may remain appropriate.,youtube_shorts,10.0,,,68.0,https://www.youtube.com/shorts/FMiTnyI12bE
43.39,66.6,43,medium,62.38,43,0,low,1.52,0.0,6.5,Auto-ingested YouTube metadata from channel: BrainBlud. | Could not fetch YouTube transcript (disabled/unavailable). | Skipped heavy ASR/OCR/browser ingestion on API node to keep memory usage stable. | Added thumbnail metadata signals (open-source fallback). | Generation origin score calibrated by trained logistic model. | Claim verification used open-source evidence heuristics. | Rich text context detected (transcript/OCR); thresholds tuned to reduce unnecessary not_enough_evidence. | Analysis-confidence score: 43.39.,youtube_shorts,10.0,0.55,supported,18.8,https://www.youtube.com/shorts/-NxLmfuaZtc
50.7,69.5,90,medium,55.15,90,0,low,1.54,0.0,6.5,Auto-ingested YouTube metadata from channel: chefkoudy. | Could not fetch YouTube transcript (disabled/unavailable). | Skipped heavy ASR/OCR/browser ingestion on API node to keep memory usage stable. | Added thumbnail metadata signals (open-source fallback). | Generation origin score calibrated by trained logistic model. | Claim verification used open-source evidence heuristics. | Rich text context detected (transcript/OCR); thresholds tuned to reduce unnecessary not_enough_evidence. | Analysis-confidence score: 50.7.,youtube_shorts,10.0,0.55,supported,18.8,https://www.youtube.com/shorts/iBKH_TWp5GM
70.7,77.69,189,high,39.92,189,0,low,1.59,0.0,6.5,Auto-ingested YouTube metadata from channel: Tech with ARB. | Could not fetch YouTube transcript (disabled/unavailable). | Skipped heavy ASR/OCR/browser ingestion on API node to keep memory usage stable. | Added thumbnail metadata signals (open-source fallback). | Generation origin score calibrated by trained logistic model. | Claim verification used open-source evidence heuristics. | Rich text context detected (transcript/OCR); thresholds tuned to reduce unnecessary not_enough_evidence. | Analysis-confidence score: 70.7.,youtube_shorts,10.0,0.55,supported,18.8,https://www.youtube.com/shorts/ueqXgybOVl8
14.43,54.9,24,low,88.31,24,0,low,1.08,0.0,20.08,Auto-ingested YouTube metadata from channel: The Real Estate Officer. | Could not fetch YouTube transcript (disabled/unavailable). | Skipped heavy ASR/OCR/browser ingestion on API node to keep memory usage stable. | Added thumbnail metadata signals (open-source fallback). | Applied sparse-text score calibration to reduce flat scoring under limited extracted evidence. | Generation origin score calibrated by trained logistic model. | Claim verification used open-source evidence heuristics. | Sparse extracted text; not_enough_evidence may remain appropriate.,youtube_shorts,10.0,0.28,not_enough_evidence,67.6,https://www.youtube.com/shorts/UfoIX2vSus0
65.26,75.19,145,high,46.69,145,0,low,1.57,0.0,6.5,Auto-ingested YouTube metadata from channel: 5 To 8 Classes-yt. | Could not fetch YouTube transcript (disabled/unavailable). | Skipped heavy ASR/OCR/browser ingestion on API node to keep memory usage stable. | Added thumbnail metadata signals (open-source fallback). | Generation origin score calibrated by trained logistic model. | Claim verification used open-source evidence heuristics. | Rich text context detected (transcript/OCR); thresholds tuned to reduce unnecessary not_enough_evidence. | Analysis-confidence score: 65.26.,youtube_shorts,10.0,0.55,supported,18.8,https://www.youtube.com/shorts/xiqKcpfa2Fk
49.46,69.0,82,medium,56.38,82,0,low,1.54,0.0,6.5,Auto-ingested YouTube metadata from channel: Dread Yamada. | Could not fetch YouTube transcript (disabled/unavailable). | Skipped heavy ASR/OCR/browser ingestion on API node to keep memory usage stable. | Added thumbnail metadata signals (open-source fallback). | Generation origin score calibrated by trained logistic model. | Claim verification used open-source evidence heuristics. | Rich text context detected (transcript/OCR); thresholds tuned to reduce unnecessary not_enough_evidence. | Analysis-confidence score: 49.46.,youtube_shorts,10.0,0.55,supported,18.8,https://www.youtube.com/shorts/giT_OuB5d8o
14.74,54.98,26,low,88.0,26,0,low,1.08,0.0,19.92,Auto-ingested YouTube metadata from channel: Finance guru. | Could not fetch YouTube transcript (disabled/unavailable). | Skipped heavy ASR/OCR/browser ingestion on API node to keep memory usage stable. | Added thumbnail metadata signals (open-source fallback). | Applied sparse-text score calibration to reduce flat scoring under limited extracted evidence. | Generation origin score calibrated by trained logistic model. | Claim verification used open-source evidence heuristics. | Sparse extracted text; not_enough_evidence may remain appropriate.,youtube_shorts,10.0,0.28,not_enough_evidence,66.9,https://www.youtube.com/shorts/-N-5iTAz3xo
14.28,54.85,23,low,88.46,23,0,low,1.08,0.0,20.16,Auto-ingested YouTube metadata from channel: Ayush more reacts. | Could not fetch YouTube transcript (disabled/unavailable). | Skipped heavy ASR/OCR/browser ingestion on API node to keep memory usage stable. | Added thumbnail metadata signals (open-source fallback). | Applied sparse-text score calibration to reduce flat scoring under limited extracted evidence. | Generation origin score calibrated by trained logistic model. | Claim verification used open-source evidence heuristics. | Sparse extracted text; not_enough_evidence may remain appropriate.,youtube_shorts,10.0,0.28,not_enough_evidence,67.95,https://www.youtube.com/shorts/jWg3Gf1bQuc
51.48,69.82,95,medium,54.38,95,0,low,5.49,0.0,6.5,Auto-ingested YouTube metadata from channel: SafariClips. | Could not fetch YouTube transcript (disabled/unavailable). | Skipped heavy ASR/OCR/browser ingestion on API node to keep memory usage stable. | Added thumbnail metadata signals (open-source fallback). | Generation origin score calibrated by trained logistic model. | Claim verification used open-source evidence heuristics. | Rich text context detected (transcript/OCR); thresholds tuned to reduce unnecessary not_enough_evidence. | Analysis-confidence score: 51.48.,youtube_shorts,10.0,0.55,supported,18.8,https://www.youtube.com/shorts/K4Zsqs3SxcQ
15.52,55.21,31,low,87.23,31,0,low,1.08,0.0,19.52,Auto-ingested YouTube metadata from channel: Shobhit Nirwan - Shorts. | Could not fetch YouTube transcript (disabled/unavailable). | Skipped heavy ASR/OCR/browser ingestion on API node to keep memory usage stable. | Added thumbnail metadata signals (open-source fallback). | Applied sparse-text score calibration to reduce flat scoring under limited extracted evidence. | Generation origin score calibrated by trained logistic model. | Claim verification used open-source evidence heuristics. | Sparse extracted text; not_enough_evidence may remain appropriate.,youtube_shorts,10.0,0.28,not_enough_evidence,65.15,https://www.youtube.com/shorts/X6nCta9dx7s
43.7,66.72,45,medium,62.08,45,0,low,1.52,0.0,6.5,Auto-ingested YouTube metadata from channel: Panda Shorts. | Could not fetch YouTube transcript (disabled/unavailable). | Skipped heavy ASR/OCR/browser ingestion on API node to keep memory usage stable. | Added thumbnail metadata signals (open-source fallback). | Generation origin score calibrated by trained logistic model. | Claim verification used open-source evidence heuristics. | Rich text context detected (transcript/OCR); thresholds tuned to reduce unnecessary not_enough_evidence. | Analysis-confidence score: 43.7.,youtube_shorts,10.0,0.55,supported,18.8,https://www.youtube.com/shorts/JMzy5z9fpFE
54.43,71.03,114,medium,51.46,114,0,low,1.55,0.0,6.5,Auto-ingested YouTube metadata from channel: Funlight Avenue. | Could not fetch YouTube transcript (disabled/unavailable). | Skipped heavy ASR/OCR/browser ingestion on API node to keep memory usage stable. | Added thumbnail metadata signals (open-source fallback). | Generation origin score calibrated by trained logistic model. | Claim verification used open-source evidence heuristics. | Rich text context detected (transcript/OCR); thresholds tuned to reduce unnecessary not_enough_evidence. | Analysis-confidence score: 54.43.,youtube_shorts,10.0,0.55,supported,18.8,https://www.youtube.com/shorts/mnx5C_0Pz5c
14.59,54.94,25,low,88.15,25,0,low,1.08,0.0,20.0,Auto-ingested YouTube metadata from channel: Sean Andrew. | Could not fetch YouTube transcript (disabled/unavailable). | Skipped heavy ASR/OCR/browser ingestion on API node to keep memory usage stable. | Added thumbnail metadata signals (open-source fallback). | Applied sparse-text score calibration to reduce flat scoring under limited extracted evidence. | Generation origin score calibrated by trained logistic model. | Claim verification used open-source evidence heuristics. | Sparse extracted text; not_enough_evidence may remain appropriate.,youtube_shorts,10.0,0.28,not_enough_evidence,67.25,https://www.youtube.com/shorts/T9G8IUeLN30
15.52,55.21,31,low,87.23,31,0,low,4.58,0.0,19.52,Auto-ingested YouTube metadata from channel: Paltek. | Could not fetch YouTube transcript (disabled/unavailable). | Skipped heavy ASR/OCR/browser ingestion on API node to keep memory usage stable. | Added thumbnail metadata signals (open-source fallback). | Applied sparse-text score calibration to reduce flat scoring under limited extracted evidence. | Generation origin score calibrated by trained logistic model. | Claim verification used open-source evidence heuristics. | Sparse extracted text; not_enough_evidence may remain appropriate.,youtube_shorts,10.0,0.28,not_enough_evidence,65.15,https://www.youtube.com/shorts/zi-sfCxK1gE
15.06,55.07,28,low,87.69,28,0,low,1.08,0.0,19.76,Auto-ingested YouTube metadata from channel: Steel Titans Vlog. | Could not fetch YouTube transcript (disabled/unavailable). | Skipped heavy ASR/OCR/browser ingestion on API node to keep memory usage stable. | Added thumbnail metadata signals (open-source fallback). | Applied sparse-text score calibration to reduce flat scoring under limited extracted evidence. | Generation origin score calibrated by trained logistic model. | Claim verification used open-source evidence heuristics. | Sparse extracted text; not_enough_evidence may remain appropriate.,youtube_shorts,10.0,0.28,not_enough_evidence,66.2,https://www.youtube.com/shorts/cHJ2ktqHROU
68.37,76.54,165,high,43.62,165,0,low,1.58,0.0,6.5,Auto-ingested YouTube metadata from channel: Fox Business. | Could not fetch YouTube transcript (disabled/unavailable). | Skipped heavy ASR/OCR/browser ingestion on API node to keep memory usage stable. | Added thumbnail metadata signals (open-source fallback). | Generation origin score calibrated by trained logistic model. | Claim verification used open-source evidence heuristics. | Rich text context detected (transcript/OCR); thresholds tuned to reduce unnecessary not_enough_evidence. | Analysis-confidence score: 68.37.,youtube_shorts,10.0,0.55,supported,18.8,https://www.youtube.com/shorts/_v9kd8LfetA
14.28,54.85,23,low,88.46,23,0,low,1.08,0.0,20.16,Auto-ingested YouTube metadata from channel: InterestingDaily. | Could not fetch YouTube transcript (disabled/unavailable). | Skipped heavy ASR/OCR/browser ingestion on API node to keep memory usage stable. | Added thumbnail metadata signals (open-source fallback). | Applied sparse-text score calibration to reduce flat scoring under limited extracted evidence. | Generation origin score calibrated by trained logistic model. | Claim verification used open-source evidence heuristics. | Sparse extracted text; not_enough_evidence may remain appropriate.,youtube_shorts,10.0,0.28,not_enough_evidence,67.95,https://www.youtube.com/shorts/-7eQdRhsCpA
36.61,64.28,38,low,63.15,38,0,low,1.51,0.0,6.5,Auto-ingested YouTube metadata from channel: Holidays Crowd. | Could not fetch YouTube transcript (disabled/unavailable). | Skipped heavy ASR/OCR/browser ingestion on API node to keep memory usage stable. | Added thumbnail metadata signals (open-source fallback). | Generation origin score calibrated by trained logistic model. | Claim verification used open-source evidence heuristics. | Rich text context detected (transcript/OCR); thresholds tuned to reduce unnecessary not_enough_evidence. | Analysis-confidence score: 36.61.,youtube_shorts,10.0,0.55,supported,18.8,https://www.youtube.com/shorts/Vst5Sn17jXc
14.12,54.81,22,low,88.62,22,0,low,1.08,0.0,20.24,Auto-ingested YouTube metadata from channel: KP NEWS. | Could not fetch YouTube transcript (disabled/unavailable). | Skipped heavy ASR/OCR/browser ingestion on API node to keep memory usage stable. | Added thumbnail metadata signals (open-source fallback). | Applied sparse-text score calibration to reduce flat scoring under limited extracted evidence. | Generation origin score calibrated by trained logistic model. | Claim verification used open-source evidence heuristics. | Sparse extracted text; not_enough_evidence may remain appropriate.,youtube_shorts,10.0,0.28,not_enough_evidence,68.3,https://www.youtube.com/shorts/BAy0qFvvIbg
69.3,76.96,171,high,42.69,171,0,low,1.58,0.0,6.5,Auto-ingested YouTube metadata from channel: America's Funniest Home Videos. | Could not fetch YouTube transcript (disabled/unavailable). | Skipped heavy ASR/OCR/browser ingestion on API node to keep memory usage stable. | Added thumbnail metadata signals (open-source fallback). | Generation origin score calibrated by trained logistic model. | Claim verification used open-source evidence heuristics. | Rich text context detected (transcript/OCR); thresholds tuned to reduce unnecessary not_enough_evidence. | Analysis-confidence score: 69.3.,youtube_shorts,10.0,0.55,supported,18.8,https://www.youtube.com/shorts/3fQxUJf6cHQ
68.99,76.82,169,high,43.0,169,0,low,1.58,0.0,6.5,Auto-ingested YouTube metadata from channel: America's Funniest Home Videos. | Could not fetch YouTube transcript (disabled/unavailable). | Skipped heavy ASR/OCR/browser ingestion on API node to keep memory usage stable. | Added thumbnail metadata signals (open-source fallback). | Generation origin score calibrated by trained logistic model. | Claim verification used open-source evidence heuristics. | Rich text context detected (transcript/OCR); thresholds tuned to reduce unnecessary not_enough_evidence. | Analysis-confidence score: 68.99.,youtube_shorts,10.0,0.55,supported,18.8,https://www.youtube.com/shorts/QMAnClz2M64
14.43,54.9,24,low,88.31,24,0,low,1.08,0.0,20.08,Auto-ingested YouTube metadata from channel: EBB Super Star. | Could not fetch YouTube transcript (disabled/unavailable). | Skipped heavy ASR/OCR/browser ingestion on API node to keep memory usage stable. | Added thumbnail metadata signals (open-source fallback). | Applied sparse-text score calibration to reduce flat scoring under limited extracted evidence. | Generation origin score calibrated by trained logistic model. | Claim verification used open-source evidence heuristics. | Sparse extracted text; not_enough_evidence may remain appropriate.,youtube_shorts,10.0,0.28,not_enough_evidence,67.6,https://www.youtube.com/shorts/C0wFGxwhVjU
5.96,53.14,19,low,93.08,19,0,low,1.07,0.0,20.48,Auto-ingested YouTube metadata from channel: Jeffrey X. | Could not fetch YouTube transcript (disabled/unavailable). | Skipped heavy ASR/OCR/browser ingestion on API node to keep memory usage stable. | Added thumbnail metadata signals (open-source fallback). | Applied sparse-text score calibration to reduce flat scoring under limited extracted evidence. | Generation origin score calibrated by trained logistic model. | Claim verification used open-source evidence heuristics. | Sparse extracted text; not_enough_evidence may remain appropriate.,youtube_shorts,10.0,0.28,not_enough_evidence,69.35,https://www.youtube.com/shorts/uAszuHaz9YY
53.03,70.45,105,medium,52.85,105,0,low,1.55,0.0,6.5,Auto-ingested YouTube metadata from channel: FailArmy. | Could not fetch YouTube transcript (disabled/unavailable). | Skipped heavy ASR/OCR/browser ingestion on API node to keep memory usage stable. | Added thumbnail metadata signals (open-source fallback). | Generation origin score calibrated by trained logistic model. | Claim verification used open-source evidence heuristics. | Rich text context detected (transcript/OCR); thresholds tuned to reduce unnecessary not_enough_evidence. | Analysis-confidence score: 53.03.,youtube_shorts,10.0,0.55,supported,18.8,https://www.youtube.com/shorts/boj80D-HjnY
5.96,53.14,19,low,93.08,19,0,low,1.07,0.0,20.48,Auto-ingested YouTube metadata from channel: StudyBuzz-n5v. | Could not fetch YouTube transcript (disabled/unavailable). | Skipped heavy ASR/OCR/browser ingestion on API node to keep memory usage stable. | Added thumbnail metadata signals (open-source fallback). | Applied sparse-text score calibration to reduce flat scoring under limited extracted evidence. | Generation origin score calibrated by trained logistic model. | Claim verification used open-source evidence heuristics. | Sparse extracted text; not_enough_evidence may remain appropriate.,youtube_shorts,10.0,0.28,not_enough_evidence,69.35,https://www.youtube.com/shorts/BzxYwdE0Jog
14.12,54.81,22,low,88.62,22,0,low,1.08,0.0,20.24,Auto-ingested YouTube metadata from channel: rankkyyy. | Could not fetch YouTube transcript (disabled/unavailable). | Skipped heavy ASR/OCR/browser ingestion on API node to keep memory usage stable. | Added thumbnail metadata signals (open-source fallback). | Applied sparse-text score calibration to reduce flat scoring under limited extracted evidence. | Generation origin score calibrated by trained logistic model. | Claim verification used open-source evidence heuristics. | Sparse extracted text; not_enough_evidence may remain appropriate.,youtube_shorts,10.0,0.28,not_enough_evidence,68.3,https://www.youtube.com/shorts/iPLcptvAUeQ
70.7,77.73,192,high,39.46,192,0,low,1.59,0.0,6.5,Auto-ingested YouTube metadata from channel: Fox Business. | Could not fetch YouTube transcript (disabled/unavailable). | Skipped heavy ASR/OCR/browser ingestion on API node to keep memory usage stable. | Added thumbnail metadata signals (open-source fallback). | Generation origin score calibrated by trained logistic model. | Claim verification used open-source evidence heuristics. | Rich text context detected (transcript/OCR); thresholds tuned to reduce unnecessary not_enough_evidence. | Analysis-confidence score: 70.7.,youtube_shorts,10.0,0.55,supported,18.8,https://www.youtube.com/shorts/Tfa8HF97CRM
14.28,54.85,23,low,88.46,23,0,low,1.08,0.0,20.16,Auto-ingested YouTube metadata from channel: Three Pointer. | Could not fetch YouTube transcript (disabled/unavailable). | Skipped heavy ASR/OCR/browser ingestion on API node to keep memory usage stable. | Added thumbnail metadata signals (open-source fallback). | Applied sparse-text score calibration to reduce flat scoring under limited extracted evidence. | Generation origin score calibrated by trained logistic model. | Claim verification used open-source evidence heuristics. | Sparse extracted text; not_enough_evidence may remain appropriate.,youtube_shorts,10.0,0.28,not_enough_evidence,67.95,https://www.youtube.com/shorts/VFg9IsM1r88
44.79,67.15,52,medium,61.0,52,0,low,1.53,0.0,6.5,Auto-ingested YouTube metadata from channel: Simply Home Cooked. | Could not fetch YouTube transcript (disabled/unavailable). | Skipped heavy ASR/OCR/browser ingestion on API node to keep memory usage stable. | Added thumbnail metadata signals (open-source fallback). | Generation origin score calibrated by trained logistic model. | Claim verification used open-source evidence heuristics. | Rich text context detected (transcript/OCR); thresholds tuned to reduce unnecessary not_enough_evidence. | Analysis-confidence score: 44.79.,youtube_shorts,10.0,0.55,supported,18.8,https://www.youtube.com/shorts/Gb8_plPdJgc
15.06,55.07,28,low,87.69,28,0,low,1.08,0.0,19.76,Auto-ingested YouTube metadata from channel: Steel Titans Vlog. | Could not fetch YouTube transcript (disabled/unavailable). | Skipped heavy ASR/OCR/browser ingestion on API node to keep memory usage stable. | Added thumbnail metadata signals (open-source fallback). | Applied sparse-text score calibration to reduce flat scoring under limited extracted evidence. | Generation origin score calibrated by trained logistic model. | Claim verification used open-source evidence heuristics. | Sparse extracted text; not_enough_evidence may remain appropriate.,youtube_shorts,10.0,0.28,not_enough_evidence,66.2,https://www.youtube.com/shorts/isvAgH6rCOo
14.59,54.94,25,low,88.15,25,0,low,1.08,0.0,20.0,Auto-ingested YouTube metadata from channel: magic x. | Could not fetch YouTube transcript (disabled/unavailable). | Skipped heavy ASR/OCR/browser ingestion on API node to keep memory usage stable. | Added thumbnail metadata signals (open-source fallback). | Applied sparse-text score calibration to reduce flat scoring under limited extracted evidence. | Generation origin score calibrated by trained logistic model. | Claim verification used open-source evidence heuristics. | Sparse extracted text; not_enough_evidence may remain appropriate.,youtube_shorts,10.0,0.28,not_enough_evidence,67.25,https://www.youtube.com/shorts/Wsvt2FFTXaI
66.97,75.93,156,high,45.0,156,0,low,1.58,0.0,6.5,Auto-ingested YouTube metadata from channel: The Pet Collective. | Could not fetch YouTube transcript (disabled/unavailable). | Skipped heavy ASR/OCR/browser ingestion on API node to keep memory usage stable. | Added thumbnail metadata signals (open-source fallback). | Generation origin score calibrated by trained logistic model. | Claim verification used open-source evidence heuristics. | Rich text context detected (transcript/OCR); thresholds tuned to reduce unnecessary not_enough_evidence. | Analysis-confidence score: 66.97.,youtube_shorts,10.0,0.55,supported,18.8,https://www.youtube.com/shorts/s6En5BSgRZQ
45.88,67.57,59,medium,59.92,59,0,low,1.53,0.0,6.5,Auto-ingested YouTube metadata from channel: TechnicallyAlex. | Could not fetch YouTube transcript (disabled/unavailable). | Skipped heavy ASR/OCR/browser ingestion on API node to keep memory usage stable. | Added thumbnail metadata signals (open-source fallback). | Generation origin score calibrated by trained logistic model. | Claim verification used open-source evidence heuristics. | Rich text context detected (transcript/OCR); thresholds tuned to reduce unnecessary not_enough_evidence. | Analysis-confidence score: 45.88.,youtube_shorts,10.0,0.55,supported,18.8,https://www.youtube.com/shorts/Y85CY3QI_S4
5.49,53.04,16,low,93.54,16,0,low,1.07,0.0,20.72,Auto-ingested YouTube metadata from channel: Tech 4you. | Could not fetch YouTube transcript (disabled/unavailable). | Skipped heavy ASR/OCR/browser ingestion on API node to keep memory usage stable. | Added thumbnail metadata signals (open-source fallback). | Applied sparse-text score calibration to reduce flat scoring under limited extracted evidence. | Generation origin score calibrated by trained logistic model. | Claim verification used open-source evidence heuristics. | Sparse extracted text; not_enough_evidence may remain appropriate.,youtube_shorts,10.0,0.28,not_enough_evidence,70.4,https://www.youtube.com/shorts/wvD9qy2IOaU
36.3,64.17,36,low,63.46,36,0,low,1.51,0.0,6.5,Auto-ingested YouTube metadata from channel: LoveNatureSwag. | Could not fetch YouTube transcript (disabled/unavailable). | Skipped heavy ASR/OCR/browser ingestion on API node to keep memory usage stable. | Added thumbnail metadata signals (open-source fallback). | Generation origin score calibrated by trained logistic model. | Claim verification used open-source evidence heuristics. | Rich text context detected (transcript/OCR); thresholds tuned to reduce unnecessary not_enough_evidence. | Analysis-confidence score: 36.3.,youtube_shorts,10.0,0.55,supported,18.8,https://www.youtube.com/shorts/bz4OVGmE1L8
70.7,77.8,197,high,38.69,197,0,low,1.59,0.0,6.5,Auto-ingested YouTube metadata from channel: Fox Business. | Could not fetch YouTube transcript (disabled/unavailable). | Skipped heavy ASR/OCR/browser ingestion on API node to keep memory usage stable. | Added thumbnail metadata signals (open-source fallback). | Generation origin score calibrated by trained logistic model. | Claim verification used open-source evidence heuristics. | Rich text context detected (transcript/OCR); thresholds tuned to reduce unnecessary not_enough_evidence. | Analysis-confidence score: 70.7.,youtube_shorts,10.0,0.55,supported,18.8,https://www.youtube.com/shorts/2MZM4qSieu8
15.37,55.16,30,low,87.38,30,0,low,1.08,0.0,19.6,Auto-ingested YouTube metadata from channel: Oogway Ranks. | Could not fetch YouTube transcript (disabled/unavailable). | Skipped heavy ASR/OCR/browser ingestion on API node to keep memory usage stable. | Added thumbnail metadata signals (open-source fallback). | Applied sparse-text score calibration to reduce flat scoring under limited extracted evidence. | Generation origin score calibrated by trained logistic model. | Claim verification used open-source evidence heuristics. | Sparse extracted text; not_enough_evidence may remain appropriate.,youtube_shorts,10.0,0.28,not_enough_evidence,65.5,https://www.youtube.com/shorts/9VtZc05JLoc
14.59,54.94,25,low,88.15,25,0,low,1.08,0.0,20.0,Auto-ingested YouTube metadata from channel: Highly Meme. | Could not fetch YouTube transcript (disabled/unavailable). | Skipped heavy ASR/OCR/browser ingestion on API node to keep memory usage stable. | Added thumbnail metadata signals (open-source fallback). | Applied sparse-text score calibration to reduce flat scoring under limited extracted evidence. | Generation origin score calibrated by trained logistic model. | Claim verification used open-source evidence heuristics. | Sparse extracted text; not_enough_evidence may remain appropriate.,youtube_shorts,10.0,0.28,not_enough_evidence,67.25,https://www.youtube.com/shorts/ODI9gUxT1h0
14.9,55.03,27,low,87.85,27,0,low,1.08,0.0,19.84,Auto-ingested YouTube metadata from channel: Makeshift Project. | Could not fetch YouTube transcript (disabled/unavailable). | Skipped heavy ASR/OCR/browser ingestion on API node to keep memory usage stable. | Added thumbnail metadata signals (open-source fallback). | Applied sparse-text score calibration to reduce flat scoring under limited extracted evidence. | Generation origin score calibrated by trained logistic model. | Claim verification used open-source evidence heuristics. | Sparse extracted text; not_enough_evidence may remain appropriate.,youtube_shorts,10.0,0.28,not_enough_evidence,66.55,https://www.youtube.com/shorts/nSAJhNcfGGI
44.48,67.02,50,medium,61.31,50,0,low,1.53,0.0,6.5,Auto-ingested YouTube metadata from channel: Xplicit Motivation. | Could not fetch YouTube transcript (disabled/unavailable). | Skipped heavy ASR/OCR/browser ingestion on API node to keep memory usage stable. | Added thumbnail metadata signals (open-source fallback). | Generation origin score calibrated by trained logistic model. | Claim verification used open-source evidence heuristics. | Rich text context detected (transcript/OCR); thresholds tuned to reduce unnecessary not_enough_evidence. | Analysis-confidence score: 44.48.,youtube_shorts,10.0,0.55,supported,18.8,https://www.youtube.com/shorts/GGl_FyxK8qE
